{
  "threshold": 0.007277216296643019,
  "metrics": {
    "f1": 0.5364,
    "auc_roc": 0.7997,
    "auc_pr": 0.6105,
    "threshold": 0.0072779
  },
  "sensor_names": [
    "s2",
    "s3",
    "s4",
    "s7",
    "s8",
    "s9",
    "s11",
    "s12",
    "s13",
    "s14",
    "s15",
    "s17",
    "s20",
    "s21"
  ],
  "seq_len": 30,
  "n_sensors": 14,
  "loss_history": [
    0.03802758,
    0.01566104,
    0.00646397,
    0.00641575,
    0.00640701,
    0.00638319,
    0.00639152,
    0.00638251,
    0.00637978,
    0.00637326,
    0.00636472,
    0.00638796,
    0.00635875,
    0.00636863,
    0.006377,
    0.00635721,
    0.00636756,
    0.00635155,
    0.00636427,
    0.00635082,
    0.00635539,
    0.00635152,
    0.00635621,
    0.00635103,
    0.00635741,
    0.00635427,
    0.00635126,
    0.00634628,
    0.00635236,
    0.00634175,
    0.00634668,
    0.0063428,
    0.00634908,
    0.00634483,
    0.00634606,
    0.00634598,
    0.0063357,
    0.00634521,
    0.00633545,
    0.00633675,
    0.00633544,
    0.00633683,
    0.00633808,
    0.00633737,
    0.00633294,
    0.00633072,
    0.00633511,
    0.00633345,
    0.00633206,
    0.00633021,
    0.00632956,
    0.00633081,
    0.00632779,
    0.00632682,
    0.00633018,
    0.00632829,
    0.00632724,
    0.00632638,
    0.00632572,
    0.00632569,
    0.00632514,
    0.0063244,
    0.00632395,
    0.00632435,
    0.00632356,
    0.0063232,
    0.0063229,
    0.00632234,
    0.0063222,
    0.00632198,
    0.00632147,
    0.00632136,
    0.00632121,
    0.00632079,
    0.00632065,
    0.00632069,
    0.00632045,
    0.00632027,
    0.00632014,
    0.00632021
  ]
}