{
  "s2": {
    "min": 516.697593322568,
    "max": 521.1666380605717
  },
  "s3": {
    "min": 640.9212371049235,
    "max": 653.5125499770952
  },
  "s4": {
    "min": 1563.91027976209,
    "max": 1600.044061977736
  },
  "s7": {
    "min": 14.581121956583802,
    "max": 14.659925582117689
  },
  "s8": {
    "min": 20.95332831098347,
    "max": 24.28226638730804
  },
  "s9": {
    "min": 550.2418107763818,
    "max": 558.5112413980396
  },
  "s11": {
    "min": 2324.861736384781,
    "max": 2407.8771587340466
  },
  "s12": {
    "min": 8947.544174532448,
    "max": 9098.12546319467
  },
  "s13": {
    "min": 1.2712655787156948,
    "max": 1.6191505209809771
  },
  "s14": {
    "min": 46.44583057681745,
    "max": 53.27862164256762
  },
  "s15": {
    "min": 519.7415083650102,
    "max": 526.5199520896198
  },
  "s17": {
    "min": 2344.822897647706,
    "max": 2404.014731505003
  },
  "s20": {
    "min": 8039.434978968989,
    "max": 8171.981329101229
  },
  "s21": {
    "min": 8.238955721426187,
    "max": 9.048014810576039
  }
}